"CycID","JTK_pvalue","JTK_BH.Q","JTK_period","JTK_adjphase","JTK_amplitude","meta2d_Base","meta2d_AMP","meta2d_rAMP"
"log(Lachnospiraceae/Coriobacteriaceae)","1","1","24","0","0.314682472888486","3.34198545212827","0.20326968259929","0.0608230303545584"
"log(S24-7/Coriobacteriaceae)","1","1","20","2","0.574765258322108","5.88883699899525","0.348061766036394","0.0591053490011321"
"log(Ruminococcaceae/Coriobacteriaceae)","0.539683770719523","1","24","2","0.332606070267559","2.02293646371893","0.343816931535367","0.169959332733219"
"log(Ruminococcaceae/Verrucomicrobiaceae)","0.00193625614285082","0.0116175368571049","24","8","0.755474035835994","-4.09965714543478","0.362971252983542","0.0885369776318326"
"log(Coriobacteriaceae/Verrucomicrobiaceae)","0.539683770719523","1","24","8","0.438996995940429","-6.107645047","0.609029224303986","0.0997158838827961"
"log(UCA/TbMCA)","1","1","20","12","0.695263383240417","-5.00041500813427","0.123933288364098","0.0247846005106563"
